name,dataset,score_on_train,score_on_test
HawkesExpKern,ny_taxi,0.22065633774089846,-6.77407235837822
HawkesExpKern,autoput,0.0057643727660490005,-0.03933849694223475
HawkesExpKern,finance,210.88559650768929,101.19958690880743
HawkesSumExpKern,ny_taxi,0.22065605394186805,-6.759012579028737
HawkesSumExpKern,autoput,0.0033573048902747486,-0.008740522620115597
HawkesSumExpKern,finance,1.6456927948027429,1.1301552587294146
HawkesADM4,ny_taxi,2.0207853516050847,113.9949748008323
HawkesADM4,autoput,167.32335341428112,1516.8788760741738
HawkesADM4,finance,7.9358187474439115,44.3350511940354
