model_name,rule,no_step,learning_rate,training_time,nr_of_reinit,loss_on_train,loss_on_test
GRUPointProcess,Euler,10,0.01,668,1,198.81629943847656,428.0622863769531
LSTMPointProcess,Euler,10,0.01,661,1,200.4177703857422,391.32525634765625
RNNPointProcess,Euler,10,0.01,476,1,192.563232421875,445.0017395019531
